{"cameraMode":{"drawMode":0,"name":"Shaded","section":"Shading Mode"},"sceneLighting":true,"audioPlay":false,"sceneViewState":{"m_AlwaysRefresh":false,"showFog":true,"showSkybox":true,"showFlares":true,"showImageEffects":true,"showParticleSystems":true,"showVisualEffectGraphs":true,"m_FxEnabled":true},"in2DMode":false,"pivot":{"x":-0.21375012397766114,"y":1.8521981239318848,"z":1.192558765411377},"rotation":{"x":-0.29193952679634097,"y":0.40448814630508425,"z":-0.13800953328609467,"w":-0.8556373119354248},"size":6.350230693817139,"orthographic":false}